bin,n,error_rate
0.0-0.4,1121,0.23550401427297057
0.4-0.6,920,0.32608695652173914
0.6-0.8,780,0.2282051282051282
0.8-1.0,443,0.15575620767494355
