bin,n,error_rate
0.0-0.4,1121,0.23639607493309545
0.4-0.6,920,0.4608695652173913
0.6-0.8,780,0.2282051282051282
0.8-1.0,443,0.15575620767494355
