change_type,n,accuracy,precision,recall,f1
remove_1stdoor,447,0.8635346756152126,0.0,0.0,0.0
replace_sink2stove,441,0.6507936507936508,1.0,0.6507936507936508,0.7884615384615384
remove_sink,441,0.7074829931972789,1.0,0.7074829931972789,0.8286852589641435
remove_closet,346,0.3930635838150289,0.0,0.0,0.0
replace_toilet2stove,339,0.7581120943952803,1.0,0.7581120943952803,0.8624161073825504
remove_toilet,339,0.6135693215339233,1.0,0.6135693215339233,0.7605118829981719
add_random_closet,320,0.85,0.0,0.0,0.0
remove_stove,301,0.7342192691029901,1.0,0.7342192691029901,0.8467432950191571
remove_2sdoor,290,0.8586206896551725,0.0,0.0,0.0
